{
    "cards": [
        {
            "title": ["Clothing", "Mobiles", "Electronics", "Groceries", "Furniture", "Others"],
            "image": ["Amazon_Clothing.png", "Amazon_Mobiles.png", "Amazon_Electronics.png", "Amazon_Groceries.png", "Amazon_Furniture.png", "Amazon.png"],
            "number": [3, 5, 7, 2, 4, 1],
            "url": "https://www.amazon.com",
            "numberOfCards": 6,
            "color": "#FFF5D6",
            "btnclr": ["#FFA500", "#FFD87F"],
            "perColor": "#FFA809",
            "pageColor": "#FFFBF3"
        },
        {
            "title": ["Groceries", "Mobiles", "Fashion", "Electronics", "Home & Furniture", "Others"],
            "image": ["Flipkart_Groceries.png", "Flipkart_Mobiles.png", "Flipkart_Fashion.png", "Flipkart_Electronics.png", "Flipkart_Home.png", "Flipkart.png"],
            "number": [2, 6, 4, 7, 8, 4, 1],
            "url": "https://www.flipkart.com",
            "numberOfCards": 6,
            "color": "#EBF3F8",
            "btnclr": ["#304CA6", "#77CDF1"],
            "perColor": "#4079FC",
            "pageColor": "#F7FEFF"
        },
        {
            "title": ["Men Fashion", "Women Fashion", "Kids Fashion", "Home & Living", "Beauty Products", "Others"],
            "image": ["Myntra_Men.png", "Myntra_Women.png", "Myntra_Kids.png", "Myntra_Home.png", "Myntra_Beauty.png", "Myntra.png"],
            "number": [4, 7, 8, 3, 5, 1],
            "url": "https://www.myntra.com",
            "numberOfCards": 6,
            "color": "#FFEBE3",
            "btnclr": ["#FF7D46", "#FDC0D0"],
            "perColor": "#FF7F4A",
            "pageColor": "#FFEFF2"
        },
        {
            "title": ["MakeUp Products", "Skin Products", "Hair Products", "Naturals", "Fragrance", "Others"],
            "image": ["Nykaa_Makeup.png", "Nykaa_Skin.png", "Nykaa_Hair.png", "Nykaa_Naturals.png", "Nykaa_Fragrance.png", "Nykaa.png"],
            "number": [5, 7, 8, 3, 2, 1],
            "url": "https://www.nykaa.com",
            "numberOfCards": 6,
            "color": "#FFE5F3",
            "btnclr": ["#FF3FC0", "#FDA3D4"],
            "perColor": "#CC2193",
            "pageColor": "#FFF3FA"
        },
        {
            "title": ["Men Fashion", "Women Fashion", "Kids Fashion", "Beauty products", "Home & Kitchen", "Others"],
            "image": ["AJIO_Men.png", "AJIO_Women.png", "AJIO_Kids.png", "AJIO_Beauty.png", "AJIO_Home.png", "AJIO.png"],
            "number": [6, 2, 3, 4, 8, 1],
            "url": "https://www.ajio.com",
            "numberOfCards": 6,
            "color": "#F1F0F0",
            "btnclr": ["#A5A5A5", "#C9C9C9"],
            "perColor": "#8D8D8D",
            "pageColor": "#F1F1F1"
        },
        {
            "title": ["Hair Products", "Face Products", "Body Products", "MakeUp Products", "Baby Products", "Others"],
            "image": ["Mamaearth_Hair.png", "Mamaearth_Face.png", "Mamaearth_Body.png", "Mamaearth_Makeup.png", "Mamaearth_Baby.png", "Mamaearth.png"],
            "number": [7, 100, 2, 8, 3, 1],
            "url": "https://www.mamaearth.com",
            "numberOfCards": 6,
            "color": "#EDFFCE",
            "btnclr": ["#38C302", "#C4F95C"],
            "perColor": "#3BC404",
            "pageColor": "#F7FFE7"
        }
    ]
}